{"cameraMode":{"drawMode":0,"name":"Shaded","section":"Shading Mode"},"sceneLighting":false,"audioPlay":false,"sceneViewState":{"m_AlwaysRefresh":false,"showFog":true,"showSkybox":false,"showFlares":true,"showImageEffects":true,"showParticleSystems":true,"showVisualEffectGraphs":true,"m_FxEnabled":true},"in2DMode":false,"pivot":{"x":-0.007126841694116592,"y":-0.030447348952293397,"z":0.0036609917879104616},"rotation":{"x":0.14002464711666108,"y":0.7912636399269104,"z":-0.19609545171260835,"w":0.5623099207878113},"size":0.1616528183221817,"orthographic":false}