{"cameraMode":{"drawMode":0,"name":"Shaded","section":"Shading Mode"},"sceneLighting":false,"audioPlay":false,"sceneViewState":{"m_AlwaysRefresh":false,"showFog":true,"showSkybox":false,"showFlares":true,"showImageEffects":true,"showParticleSystems":true,"showVisualEffectGraphs":true,"m_FxEnabled":true},"in2DMode":false,"pivot":{"x":-7.136008262634277,"y":-0.17049193382263184,"z":3.576303005218506},"rotation":{"x":0.32396069169044497,"y":-0.022711986675858499,"z":0.007760161068290472,"w":0.9457976222038269},"size":0.6234132647514343,"orthographic":false}