{"cameraMode":{"drawMode":0,"name":"Shaded","section":"Shading Mode"},"sceneLighting":false,"audioPlay":false,"sceneViewState":{"m_AlwaysRefresh":false,"showFog":true,"showSkybox":false,"showFlares":true,"showImageEffects":true,"showParticleSystems":true,"showVisualEffectGraphs":true,"m_FxEnabled":true},"in2DMode":false,"pivot":{"x":-0.0075625404715538029,"y":-0.013762012124061585,"z":-0.0253063403069973},"rotation":{"x":-0.39011144638061526,"y":-0.020541775971651079,"z":0.00848305318504572,"w":-0.9206143021583557},"size":0.17425811290740968,"orthographic":false}