{"cameraMode":{"drawMode":0,"name":"Shaded","section":"Shading Mode"},"sceneLighting":true,"audioPlay":false,"sceneViewState":{"m_AlwaysRefresh":false,"showFog":true,"showSkybox":true,"showFlares":true,"showImageEffects":true,"showParticleSystems":true,"showVisualEffectGraphs":true,"m_FxEnabled":true},"in2DMode":false,"pivot":{"x":-1.9024790525436402,"y":0.39283299446105959,"z":-1.115659236907959},"rotation":{"x":0.028317242860794069,"y":-0.9687871932983398,"z":0.20800919830799104,"w":0.13187859952449799},"size":1.1280903816223145,"orthographic":false}