{"cameraMode":{"drawMode":0,"name":"Shaded","section":"Shading Mode"},"sceneLighting":true,"audioPlay":false,"sceneViewState":{"m_AlwaysRefresh":false,"showFog":true,"showSkybox":true,"showFlares":true,"showImageEffects":true,"showParticleSystems":true,"showVisualEffectGraphs":true,"m_FxEnabled":true},"in2DMode":false,"pivot":{"x":-1.8693006038665772,"y":-0.058525919914245608,"z":2.860508918762207},"rotation":{"x":-0.13737188279628755,"y":0.7364041209220886,"z":-0.1571987420320511,"w":-0.6435345411300659},"size":1.2760694026947022,"orthographic":false}