{"cameraMode":{"drawMode":0,"name":"Shaded","section":"Shading Mode"},"sceneLighting":false,"audioPlay":false,"sceneViewState":{"m_AlwaysRefresh":false,"showFog":true,"showSkybox":false,"showFlares":true,"showImageEffects":true,"showParticleSystems":true,"showVisualEffectGraphs":true,"m_FxEnabled":true},"in2DMode":false,"pivot":{"x":0.30884283781051638,"y":0.18483886122703553,"z":-0.022269010543823243},"rotation":{"x":0.14002464711666108,"y":0.7912636399269104,"z":-0.19609545171260835,"w":0.5623099207878113},"size":0.21000878512859345,"orthographic":false}