{"cameraMode":{"drawMode":0,"name":"Shaded","section":"Shading Mode"},"sceneLighting":false,"audioPlay":false,"sceneViewState":{"m_AlwaysRefresh":false,"showFog":true,"showSkybox":true,"showFlares":true,"showImageEffects":true,"showParticleSystems":true,"showVisualEffectGraphs":true,"m_FxEnabled":true},"in2DMode":false,"pivot":{"x":-2.1117022037506105,"y":0.4522440433502197,"z":1.3137284517288209},"rotation":{"x":0.2661384642124176,"y":-0.7051612138748169,"z":0.33025041222572329,"w":0.5682458281517029},"size":1.5800197124481202,"orthographic":false}