{"cameraMode":{"drawMode":0,"name":"Shaded","section":"Shading Mode"},"sceneLighting":true,"audioPlay":false,"sceneViewState":{"m_AlwaysRefresh":false,"showFog":true,"showSkybox":true,"showFlares":true,"showImageEffects":true,"showParticleSystems":true,"showVisualEffectGraphs":true,"m_FxEnabled":true},"in2DMode":false,"pivot":{"x":-0.47368931770324709,"y":0.9020000100135803,"z":0.23100000619888307},"rotation":{"x":-0.18120871484279633,"y":0.6391023993492127,"z":-0.15879333019256593,"w":-0.7305527329444885},"size":0.13732194900512696,"orthographic":false}