{"cameraMode":{"drawMode":0,"name":"Shaded","section":"Shading Mode"},"sceneLighting":true,"audioPlay":false,"sceneViewState":{"m_AlwaysRefresh":false,"showFog":true,"showSkybox":true,"showFlares":true,"showImageEffects":true,"showParticleSystems":true,"showVisualEffectGraphs":true,"m_FxEnabled":true},"in2DMode":false,"pivot":{"x":-0.5859078168869019,"y":1.7270466089248658,"z":0.18613143265247346},"rotation":{"x":0.14533430337905885,"y":-0.1956917941570282,"z":0.02934383787214756,"w":0.9694372415542603},"size":1.4122822284698487,"orthographic":false}