{"cameraMode":{"drawMode":0,"name":"Shaded","section":"Shading Mode"},"sceneLighting":true,"audioPlay":false,"sceneViewState":{"m_AlwaysRefresh":false,"showFog":true,"showSkybox":true,"showFlares":true,"showImageEffects":true,"showParticleSystems":true,"showVisualEffectGraphs":true,"m_FxEnabled":true},"in2DMode":false,"pivot":{"x":-2.230560302734375,"y":0.8464000225067139,"z":0.09048627316951752},"rotation":{"x":0.0033362365793436767,"y":0.07377451658248902,"z":0.0002457101654727012,"w":0.9974380135536194},"size":0.8003722429275513,"orthographic":false}