{"cameraMode":{"drawMode":0,"name":"Shaded","section":"Shading Mode"},"sceneLighting":true,"audioPlay":false,"sceneViewState":{"m_AlwaysRefresh":false,"showFog":true,"showSkybox":true,"showFlares":true,"showImageEffects":true,"showParticleSystems":true,"showVisualEffectGraphs":true,"m_FxEnabled":true},"in2DMode":false,"pivot":{"x":-2.231560230255127,"y":0.8763999938964844,"z":0.14290177822113038},"rotation":{"x":0.06944391131401062,"y":0.7640138268470764,"z":-0.08285901695489884,"w":0.6362917423248291},"size":0.15604481101036073,"orthographic":false}