{"cameraMode":{"drawMode":0,"name":"Shaded","section":"Shading Mode"},"sceneLighting":false,"audioPlay":false,"sceneViewState":{"m_AlwaysRefresh":false,"showFog":true,"showSkybox":true,"showFlares":true,"showImageEffects":true,"showParticleSystems":true,"showVisualEffectGraphs":true,"m_FxEnabled":true},"in2DMode":false,"pivot":{"x":-0.8518252372741699,"y":1.0510473251342774,"z":0.5852220058441162},"rotation":{"x":0.15146079659461976,"y":-0.6161553263664246,"z":0.1222660169005394,"w":0.7632160186767578},"size":1.4542138576507569,"orthographic":false}