{"cameraMode":{"drawMode":0,"name":"Shaded","section":"Shading Mode"},"sceneLighting":false,"audioPlay":false,"sceneViewState":{"m_AlwaysRefresh":false,"showFog":true,"showSkybox":true,"showFlares":true,"showImageEffects":true,"showParticleSystems":true,"showVisualEffectGraphs":true,"m_FxEnabled":true},"in2DMode":false,"pivot":{"x":-1.7599999904632569,"y":0.8999999761581421,"z":-0.8009999990463257},"rotation":{"x":0.013319370336830616,"y":-0.9799261689186096,"z":0.07008300721645355,"w":0.18622085452079774},"size":1.1445523500442505,"orthographic":false}