{"cameraMode":{"drawMode":0,"name":"Shaded","section":"Shading Mode"},"sceneLighting":true,"audioPlay":false,"sceneViewState":{"m_AlwaysRefresh":false,"showFog":true,"showSkybox":true,"showFlares":true,"showImageEffects":true,"showParticleSystems":true,"showVisualEffectGraphs":true,"m_FxEnabled":true},"in2DMode":false,"pivot":{"x":0.02731078863143921,"y":0.031422168016433719,"z":-0.0017805397510528565},"rotation":{"x":0.38020336627960207,"y":0.43119239807128909,"z":-0.20640341937541963,"w":0.7920025587081909},"size":0.5442360639572144,"orthographic":false}