{"cameraMode":{"drawMode":0,"name":"Shaded","section":"Shading Mode"},"sceneLighting":false,"audioPlay":false,"sceneViewState":{"m_AlwaysRefresh":false,"showFog":true,"showSkybox":true,"showFlares":true,"showImageEffects":true,"showParticleSystems":true,"showVisualEffectGraphs":true,"m_FxEnabled":true},"in2DMode":false,"pivot":{"x":-2.1243643760681154,"y":1.0768764019012452,"z":-0.5054869651794434},"rotation":{"x":0.16930104792118073,"y":-0.7681012749671936,"z":0.22627677023410798,"w":0.5746238827705383},"size":2.333113670349121,"orthographic":false}