{"cameraMode":{"drawMode":0,"name":"Shaded","section":"Shading Mode"},"sceneLighting":false,"audioPlay":false,"sceneViewState":{"m_AlwaysRefresh":false,"showFog":true,"showSkybox":false,"showFlares":true,"showImageEffects":true,"showParticleSystems":true,"showVisualEffectGraphs":true,"m_FxEnabled":true},"in2DMode":false,"pivot":{"x":-0.2013961523771286,"y":0.32449066638946535,"z":-0.04943966865539551},"rotation":{"x":0.14049780368804933,"y":-0.5754636526107788,"z":0.1011536493897438,"w":0.7992940545082092},"size":0.5542139410972595,"orthographic":false}