{"cameraMode":{"drawMode":0,"name":"Shaded","section":"Shading Mode"},"sceneLighting":false,"audioPlay":false,"sceneViewState":{"m_AlwaysRefresh":false,"showFog":true,"showSkybox":false,"showFlares":true,"showImageEffects":true,"showParticleSystems":true,"showVisualEffectGraphs":true,"m_FxEnabled":true},"in2DMode":false,"pivot":{"x":-6.87200927734375,"y":1.579010009765625,"z":1.3550000190734864},"rotation":{"x":0.32396069169044497,"y":-0.022711986675858499,"z":0.007760161068290472,"w":0.9457976222038269},"size":0.6102498173713684,"orthographic":false}