{"cameraMode":{"drawMode":0,"name":"Shaded","section":"Shading Mode"},"sceneLighting":false,"audioPlay":false,"sceneViewState":{"m_AlwaysRefresh":false,"showFog":true,"showSkybox":false,"showFlares":true,"showImageEffects":true,"showParticleSystems":true,"showVisualEffectGraphs":true,"m_FxEnabled":true},"in2DMode":false,"pivot":{"x":-0.03816298395395279,"y":-0.0050047338008880619,"z":-0.010972365736961365},"rotation":{"x":0.3044045567512512,"y":0.25496548414230349,"z":-0.08430460840463638,"w":0.9140963554382324},"size":0.11903953552246094,"orthographic":false}