{"cameraMode":{"drawMode":0,"name":"Shaded","section":"Shading Mode"},"sceneLighting":false,"audioPlay":false,"sceneViewState":{"m_AlwaysRefresh":false,"showFog":true,"showSkybox":false,"showFlares":true,"showImageEffects":true,"showParticleSystems":true,"showVisualEffectGraphs":true,"m_FxEnabled":true},"in2DMode":false,"pivot":{"x":-0.017150754109025,"y":-0.039852969348430637,"z":-0.01109670102596283},"rotation":{"x":0.2956558167934418,"y":0.35561883449554446,"z":-0.1190083846449852,"w":0.8788115978240967},"size":0.11730850487947464,"orthographic":false}